bonsut2_0_code,coicop2018_code
C_Wheat,01.1.1
C_Ricey,01.1.1
C_Sorgm,01.1.1.1.3
C_Barly,01.1.1
C_Ryee,01.1.1.1
C_Oatss,01.1.1
C_Millt,01.1.1.1
C_Trite,01.1.1
C_Buckt,01.1.1
C_Fonio,01.1.1
C_Quina,01.1.1
C_Canad,01.1.1
C_Graid,01.1.1
C_Ceres,01.1.1
C_Aspas,01.1.7
C_Cabbs,01.1.7
C_Cauli,01.1.7
C_Letty,01.1.7
C_Spinh,01.1.7
C_Artis,01.1.7
C_Wates,01.1.6
C_Melon,01.1.6
C_Chiln,01.1.7
C_Cucus,01.1.7
C_Eggpl,01.1.7
C_Tomas,01.1.7
C_Pumps,01.1.7
C_Okraa,01.1.7
C_Stris,01.1.7
C_Beann,01.1.7
C_Peasn,01.1.7
C_Vegleg_nes,01.1.7
C_Carrs,01.1.7
C_Garlc,01.1.7
C_Onion,01.1.7
C_Onioy,01.1.7
C_Leeks,01.1.7
C_Roots,01.1.7
C_Mushs,01.1.7
C_Maizn,01.1.1.1
C_oVege_fresh,01.1.7
C_Avocs,01.1.6
C_Banas,01.1.6
C_Plans,01.1.7.5
C_Dates,01.1.6
C_Figss,01.1.6
C_Mangs,01.1.6
C_Papas,01.1.6
C_Pines,01.1.6
C_frtrop_nes,01.1.6
C_Grapf,01.1.6
C_Lemos,01.1.6
C_Orans,01.1.6
C_Tmand,01.1.6
C_oFru_cit,01.1.6
C_Graps,01.1.6
C_Appls,01.1.6
C_Pears,01.1.6
C_Quins,01.1.6
C_Apris,01.1.6
C_Chers,01.1.6
C_Cherr,01.1.6
C_Peacs,01.1.6
C_Plums,01.1.6
C_oFru_pom,01.1.6
C_oFru_ston,01.1.6
C_Currs,01.1.6
C_Gooss,01.1.6
C_Kiwi,01.1.6
C_Rasps,01.1.6
C_Stras,01.1.6
C_Blues,01.1.6
C_Crans,01.1.6
C_Berrs,01.1.6
C_Caros,01.1.6.5 
C_Perss,01.1.6
C_Cashe,01.1.6
C_oFru_fresh,01.1.6
C_Almol,01.1.6
C_Cashl,01.1.6
C_Chest,01.1.6
C_Hazel,01.1.6
C_Pists,01.1.6
C_Walnl,01.1.6
C_Brazl,01.1.6
C_Arecs,01.1.6
C_Kola,01.1.6
C_Nutss,01.1.6
C_Soybs,01.1.7
C_Groul,01.1.6
C_Linsd,01.1.1
C_Mustd,01.1.6
C_Raped,01.1.6
C_Sesad,01.1.6
C_Sunfd,01.1.6
C_Saffd,01.1.6
C_Poppd,01.1.1
C_Melonse,01.1.1
C_Oilss,01.1.1
C_Castd,01.1.6
C_Olivs,01.1.7
C_Cocon,01.1.6
C_palm,01.1.1
C_Kari,01.1.6
C_Tung_nuts,01.1.6
C_Jojod,01.1.1
C_Talld,01.1.9.4
C_Kapod,01.1.9.4
C_Potas,01.1.7
C_Cassa,01.1.7
C_Cassd,01.1.7
C_Swees,01.1.7
C_Yams,01.1.7
C_Taro,01.1.7
C_Yautia,01.1.7
C_Coffn,01.2.2
C_Teaa,01.2.3
C_Mate,01.2.3
C_Cocoa,01.1.8.5
C_Pepp,01.1.9
C_Nutms,01.1.9
C_Anisr,01.1.9
C_Cinn,01.1.9
C_Clovs,01.1.9
C_Gingr,01.1.9
C_Vania,01.1.9
C_Hops,01.1.7.1.9
C_Chics,01.1.7
C_Spics,01.1.7
C_Beany,01.1.7
C_Broay,01.1.7
C_Chick,01.1.7
C_Lents,01.1.7
C_Peasy,01.1.7
C_Cowpea,01.1.7
C_Piges,01.1.7
C_Bambs,01.1.7
C_Vetcs,01.1.7
C_Lupis,01.1.7
C_Pulss,01.1.7
C_Sugat,01.1.8.1
C_Sugae,01.1.6
C_Sugacrs,01.1.8.2
C_Maize,01.1.1
C_Cotton,03.1.1
C_Jute,05.2.1
C_Bastr,05.2.1.9 
C_Ramie,05.2.1.9 
C_Sisal,05.2.1.9 
C_Agavs,05.2.1.9 
C_Manila,05.2.1.9 
C_oFibrs,05.2.1.9 
C_Peppt,01.2.3
C_Pyred,01.2.1
C_Rubber,03.1.2
C_Tobac,02.3.0.9
C_Horses,01.1.2
C_Asses,01.1.2
C_Catmilk,01.1.4
C_Bufmilk,01.1.4
C_Shemilk,01.1.4
C_Cammilk,01.1.4
C_Eggsl,01.1.4.8
C_Eggs_ggs,01.1.4.8
C_Snaia,01.1.3
C_Wool_asy,05.2.1
C_Silk_ree,05.2.1
C_FORE,01.3.0
C_FISH,01.1.3
C_F_aqua,01.1.3
C_F_capture,01.1.3
C_ANTH,04.5.4
C_OTBC,04.5.4
C_COKC,04.5.4
C_LIBC,04.5.4
C_SUBC,04.5.4
C_BKBP,04.5.4
C_PEAT,04.5.4
C_COIL,07.2.2
C_ORAN,13.2.1 
C_IRON,04
C_COPO,13.2.1 
C_NIKO,13.2.1 
C_ALUO,07
C_PREO,13.2.1 
C_ONFO,13.2.1 
C_LZTO,13.2.1 
C_STON,13.2.1 
C_SDCL,05.6
C_CHMF,09.3.1
C_ELEC,04.5.1
C_elec_POWB,04.5.1
C_elec_POWC,04.5.1
C_elec_POWG,04.5.1
C_elec_POWH,04.5.1
C_elec_POWM,04.5.1
C_elec_POWP,04.5.1
C_elec_POWS,04.5.1
C_elec_POWW,04.5.1
C_elec_POWN,04.5.1
C_elec_POWZ,04.5.1
C_elec_POWO,04.5.1
C_elec_HCHEM,04.5.1
C_HWAT,04.5.5
C_heat_CHP,04.5.5
C_heat_EBOIL,04.5.5
C_heat_HPUMP,04.5.5
C_heat_HWAT,04.5.5
C_WATR,04.4.1
C_Beef_boneless,01.1.2.2
C_Meat_pig,01.1.2
C_Meat_rabb,01.1.2
C_Meat_ocAM,01.1.2
C_Meat_hors,01.1.2
C_Meat_mule,01.1.2
C_Meat_ass,01.1.2
C_Meat_othe,01.1.2
C_Meat_game,01.1.2
C_Meat_chic,01.1.2
C_Meat_duck,01.1.2
C_Meat_goos,01.1.2
C_Meat_turk,01.1.2
C_Fat_live,01.1.2
C_Meat_drie,01.1.2
C_Meat_extr,01.1.2
C_Meat_nes,01.1.2
C_FSHP,01.1.3
C_Fruprep,01.1.6.7
C_Potan,01.1.7
C_Sween,01.1.7
C_Juice_toma,01.2.1
C_Juice_vege,01.2.1
C_Mush_dry,01.1.7
C_Mush_can,01.1.7.9
C_Tomad,01.1.7.9
C_Sweed,01.1.7.9
C_Tomae,01.1.7.9
C_Raiss,01.1.6
C_Plum,01.1.6
C_Figsd,01.1.6
C_Apriy,01.1.6
C_Frudry,01.1.6
C_Grou_shld,01.1.6
C_Almod,01.1.6
C_Haze_shld,01.1.6
C_Cashd,01.1.6
C_Brazd,01.1.6
C_Walnd,01.1.6
C_Cocod,01.1.6
C_Juice_oran_con,01.2.1
C_Juice_oran,01.2.1
C_Juice_grapfrt,01.2.1
C_Juice_grapef,01.2.1
C_Juice_pine,01.2.1
C_Juice_pine_con,01.2.1
C_Juice_grapes,01.2.1
C_Juice_appl,01.2.1
C_Juice_appl_con,01.2.1
C_Juice_lemo_con,01.2.1
C_Juice_lemo,01.2.1
C_Juice_mang,01.2.1
C_Juice_tang,01.2.1
C_Juice_frui,01.2.1
C_Pined,01.1.6
C_Peanr,01.1.8.4
C_Grou_prep,01.1.6
C_Nuts,01.1.6
C_Fat_nes,01.1.5.9
C_Lard,01.1.5.9
C_Lardl,01.1.5.9
C_Oils_nes,01.1.5.9
C_Oil_hydr,01.1.5
C_Oil_grou,01.1.5.1
C_Oil_saff,01.1.5.1.1
C_Oil_sunf,01.1.5.1
C_Oil_rape,01.1.5.1
C_Oil_must,01.1.5.1
C_Oil_palm,01.1.5.1.2
C_Oil_coco,01.1.5.1
C_Oil_olive,01.1.5
C_Oil_cott,01.1.5
C_Oil_lins,01.1.5.1
C_Oil_maiz,01.1.5.1
C_Oil_sesa,01.1.5.1
C_Oil_tung,01.1.5.1
C_Oil_hemp,01.1.5.1
C_Oil_kapo,01.1.5.1
C_Oil_popp,01.1.5.1
C_Oil_rice,01.1.5.1
C_cOil_beans,01.1.5.1
C_vOil_nes,01.1.5
C_Butts,01.1.5
C_Cksoyb,01.1.1.3
C_Fat_sub,01.1.5.9
C_Milk_skim_buff,01.1.4
C_Milk_skim_cow,01.1.4
C_Milk_skim_she,01.1.4
C_Milk_skim_dried,01.1.4
C_Skim_ted,01.1.4
C_Whol_ted,01.1.4
C_Skim_sed,01.1.4
C_Whol_sed,01.1.4
C_Yoght,01.1.4
C_Butt_cow,01.1.5
C_Butt_buff,01.1.5
C_Ghee_buff,01.1.5
C_Butt_sheep,01.1.5
C_Chee_cow_sk,01.1.4
C_Chee_cow_wh,01.1.4
C_Chee_buff,01.1.4
C_Chee_sheep,01.1.4
C_Chee_goat,01.1.4
C_Chee_proc,01.1.4
C_Milk_prod,01.1.4
C_Flour_whea,01.1.1
C_Flour_rye,01.1.1
C_Flour_sorg,01.1.1
C_Flour_buck,01.1.1
C_Flour_foni,01.1.1
C_Flour_trit,01.1.1
C_Flour_mixe,01.1.1
C_Cer_prep,01.1.1
C_Barld,01.1.1.1
C_Barlt,01.1.1.1
C_Germe,01.1.1
C_Germt,01.1.1
C_Cer_brkf,01.1.1
C_Rice_milhusk,01.1.1.1
C_Rice_husk,01.1.1
C_Flour_frui,01.1.6.9
C_Flour_maiz,01.1.1.2
C_Flour_mill,01.1.1.2
C_Flour_must,01.1.9.3
C_Flour_pota,01.1.7
C_Flour_puls,01.1.7.9
C_Flour_rice,01.1.1.2
C_Flour_root,01.1.7.9
C_Flour_cass,01.1.7.9
C_Mixes,01.1.1
C_Starch_cass,01.1.7.9
C_Starch_pota,01.1.7.9
C_Tapia,01.1.7.9
C_Tapis,01.1.7.9
C_Wafes,01.1.1
C_Pasty,01.1.1
C_Bread,01.1.1
C_Macai,01.1.1
C_Chily,01.1.9
C_Flour_nes,01.3.0
C_Soyate,01.1.9
C_Soyace,01.1.9
C_Meat_homo,01.1.9
C_Vegeh,01.1.9
C_Fruhom,01.1.9
C_Soyard,01.1.7.9
C_Bev_dstl,02.1
C_Wine,02.1.2
C_Cider,02.1.1
C_Bev_ferm,02.1.1
C_Beer_barl,02.1.3
C_Beer_millet,02.1.3
C_Beer_maiz,02.1.3
C_Beer_sorg,02.1.3
C_TOBC,02.3
C_TEXT,05.2.1
C_Silkw,03.1.2
C_GARM,03.1.2
C_LETH,03.1.1
C_WOOD,04.1
C_PULP,09.7
C_PAPE_01_RES,09.7
C_SHEET_PA,01.3.0
C_TETRA_PPA,01.3.0
C_TETRA_PP,01.3.0
C_SHEET_PAPL,01.3.0
C_CARDB,01.3.0
C_PUBL,09.7
C_FURN,05.1
C_ENGS,04.3
C_MDIA,09.6.9
C_COKE,04.5.4
C_COKE_bypr_recov,04.5.4
C_COKE_no_recov,04.5.4
C_OGPL,04.5.2
C_NUCF,04.5.1
C_Fat_ac,01.1.5.9
C_Alc_food,02.1
C_N_urea,01.3.0
C_N_AmmSol,01.3.0
C_N_AmmNit,09.3.1
C_N_CaAmNit,01.3.0
C_N_solution,01.3.0
C_Pfert,01.3.0
C_Kfert,01.3.0
C_NPK,09.3.3
C_NP_fert,09.3.3
C_PK_fert,09.3.3
C_NK_fert,01.3.0
C_MANC,09.3.3
C_PLAS,05.6.1
C_PHAR,06.1.1
C_SHEET_PAPLAL,05.6.1
C_PACK_OPLA,05.4.0
C_BOTL_PET,05.4.0
C_FOIL_PLA,05.6.1
C_GLAS_01_RES,05.4.0
C_CONTAI_GLS,05.4.0
C_JAR_GLS,05.4.0
C_BOTL_GLM,05.4.0
C_BOTL_GLS,05.4.0
C_CRMC,05.4.0
C_BRIK,04.3.1
C_CMNT,04.3.1
C_ONMM,04.3
C_MACH,05.5.1
C_ART,09
C_Bran_oat,01.1.1.4
C_Mangp,01.1.6
C_STEL,05.5.2
C_METC,04.3
C_PREM,13.2.1
C_COPP,04.4.2
C_ONFM,05.5.2
C_LZTP,07
C_CAN_STEL,01.1.7.9.2
C_CAN_ALD,02.1.3
C_truck,07.1.1
C_bus,07.3.2.1
C_auto,07.1.1
C_TDWH,07.4
C_TDMO,07.2.3
C_TDRT,05.6.1
C_TAIR,07.3.3
C_TAUX,07.3.6
C_POST,07.4.1
C_FINT,12.2.1
C_FINS,12.1.1
C_FAUX,12.2.1
C_COMP,08.3
C_TRAV,11.2.0
C_REP_INST,05.3.3
C_STEW,04.4.2
C_GLAS_reuse,04.4.2
C_CONW,04.4.2
C_PLAW,04.4.2
C_ASHW,04.4.2
C_PADF,13.9.0
C_EDUC,10.5.0
C_HEAL,06.2.1
C_SOWO,13.3.0
C_FOOD_w_water,04.4.3
C_ALUW,04.4.2
C_COPW,04.4.2
C_DE_RECY,04.4.2
C_LZTW,04.4.2
C_PAPR,04.4.2
C_MM_RECY,04.4.2
C_MNF_RECY,04.4.2
C_ONFW,04.4.2
C_PREW,04.4.2
C_SE_RECY,04.4.3
C_TE_RECY,03.1.4.2
C_UN_RECY,04.4.2
C_WOOW,04.4.2
C_BA_INCI_no_recov,04.4.2
C_BA_INCI,04.4.2
C_BA_RECY,04.4.2
C_FO_RECY,01.1
C_GLAW,04.4.2
C_HA_INCI,04.4.2
C_HA_INCI_no_recov,04.4.2
C_HA_RECY,04.4.2
C_AS_LAND,04.4.2
C_BA_LAND,04.4.2
C_HA_LAND,04.4.2
C_HA_OTHE,04.4.2
C_AL_LAND,04.4.2
C_CO_LAND,04.4.2
C_CU_LAND,04.4.2
C_DE_LAND,04.4.2
C_DV_LAND,04.4.2
C_GL_LAND,04.4.2
C_LANF,01.1
C_LANL,04.4.2
C_LANP,04.4.2
C_LANW,04.4.2
C_LZT_LAND,04.4.2
C_MA_LAND,04.4.2
C_MM_LAND,04.4.2
C_MNF_LAND,04.4.2
C_ONF_LAND,04.4.2
C_PM_LAND,04.4.2
C_SE_LAND,04.4.2
C_ST_LAND,04.4.2
C_TE_LAND,03.1.4.2
C_UN_LAND,04.4.2
C_CO_OTHE,04.4.2
C_DE_OTHE,04.4.2
C_FO_OTHE,01.1
C_MA_OTHE,04.4.2
C_MM_OTHE,04.4.2
C_MNF_OTHE,04.4.2
C_PL_OTHE,04.4.2
C_SE_OTHE,04.4.2
C_WO_OTHE,04.4.2
C_UN_OTHE,04.4.2
C_ST_OTHE,04.4.2
C_AL_INCI,04.4.2
C_CO_INCI,04.4.2
C_CO_INCI_no_recov,04.4.2
C_CU_INCI,04.4.2
C_DE_INCI,04.4.2
C_DE_INCI_no_recov,04.4.2
C_DV_INCI,04.4.2
C_GL_INCI,04.4.2
C_GL_INCI_no_recov,04.4.2
C_INCF,01.1
C_INCF_no_recov,01.1
C_INCL,04.4.2
C_INCL_no_recov,04.4.2
C_INCP,04.4.2
C_INCP_no_recov,04.4.2
C_INCW,04.4.2
C_INCW_no_recovery,04.4.2
C_LZT_INCI,04.4.2
C_MA_INCI,04.4.2
C_MA_INCI_no_recov,04.4.2
C_MM_INCI,04.4.2
C_MM_INCI_no_recov,04.4.2
C_MNF_INCI,04.4.2
C_MNF_INCI_no_recov,04.4.2
C_ONF_INCI,04.4.2
C_SE_INCI,04.4.2
C_SE_INCI_no_recov,04.4.2
C_ST_INCI,04.4.2
C_ST_INCI_no_recov,04.4.2
C_TE_INCI,03.1.4.2
C_TE_INCI_no_recov,03.1.4.2
C_UN_INCI,04.4.2
C_UN_INCI_no_recov,04.4.2
C_PM_INCI,04.4.2
C_BIOF,01.1
C_BIOP,04.4.2
C_BIOS,04.4.2
C_SE_biog,04.4.2
C_ORGA,13.9.0
C_SPORT,09.4.6
C_GAMB,09.4.7
C_Beef_all,01.1.2.2
C_RES_CARE,13.3.0
C_Ducks,01.1.2
C_Turkeys,01.1.2
C_TEXT_sort,03.1.4.2
C_LIB_MUSEUM,09.6.2
C_ForGrass_Sheep,01.3.0
C_Citr_nes,01.2.1
C_Goat,01.1.2
C_RESTAU,11.1
C_Meat_camel,01.1.2
C_REPAIR,05.3.3
C_ADVERT,13.9
C_STE_sort,04.4.2
C_ForGrass_Rabbits,01.3.0
C_COPP_sort,04.4.2
C_pSheepmeat,01.1.2
C_FABM_01_RES,13.2
C_Mapl_ups,01.1.4
C_Cattle,01.1.2.1
C_RATV,08.1.4
C_ALUM_01_RES,07
C_Sheep,01.1.2
C_RENT,04.1
C_Juic_nes,01.2.1
"C_TDMO|C_TDRT|C_TDWH|service, wholesale trade",07.2.3
C_PLA_sort,04.4.2
C_Othe_camel,01.1.2
C_REAL_OWNER,04.2
C_LEGAL|C_MANA,13.9.0
C_Yoght_add,01.1.4
C_PAP_sort,04.4.2
C_ForGrass_Shemilk,01.3.0
C_ForGrass_Cowmilk,01.3.0
C_Meat_pige,01.1.2.2
C_pBuffmeat,01.1.2
C_OFMA,08.1.9
C_WOOD_sort,04.4.2
C_pGoatmeat,01.1.2
C_Maizea_starch_all,01.1.1
C_TELEC,08.3.4
C_RES_CARE|C_SOWO,13.3.0
C_ACCOM,11.2.0
C_ACCOM|C_RESTAU,11
C_EMPLOY,13.9.0
C_GLA_sort,04.4.2
C_ForGrass_Pigs,01.3.0
C_VET,09.4.5
C_COMP|C_INFO,08.3
C_REAL_OTHER,13.9.0
C_Camel,01.1.2
C_PIC_VID_TV,08.3.9
C_COFFE_all,01.2.2
C_LEAD_sort,04.4.2
C_ForGrass_Horses,01.3.0
C_ForGrass_Bufmilk,01.3.0
C_PORK,01.1.2
C_REFN,07.2.2
C_ForGrass_Cattle,01.3.0
C_Oliv_ved,01.1.7
C_BUILD_LAND_serv|C_OFFICE_ADM|C_SECUR,05.6.2.9
C_Rabbits,01.1.2
C_Pigs,01.1.2.1
C_LEGAL,13.9.0
C_Buffaloes,01.1.2
C_Frui_nes,01.1.6
C_ALU_sort,04.4.2
C_ORGA|C_PERS_SER|C_REPAIR,13.9.0
C_Pork_saus,01.1.2
C_Root_nes,01.1.7
C_pCatmeat,01.1.2
C_PERS_SER,13.9.0
C_Goamilk,01.1.4
C_wheat_flour_other,01.1.1
C_BROAD_NEWS|C_PIC_VID_TV,08.3.9
C_RESERCH,13.9.0
C_Meat_pig_boneless,01.1.2
C_TWATR_ALL,07.3.4
C_MEIN,06.1.2
C_Flax_raw,05.2.1
C_Chickens,01.1.2
C_Rice_starch_all,01.1.1
C_Mule_les,01.1.2
C_RUBP_01_RES,07
C_ForGrass_Goamilk,01.3.0
C_BUILD|C_CIV_ENG,04.3.2.0
C_Flou_nes,01.1.1
C_Flou_oil_nes,01.1.7
C_ART|C_GAMB|C_LIB_MUSEUM,09.6
C_Dry_ilk,01.1.4
C_SE_wwater,04.4.3
C_Prmilk_other_pr,01.1.4
C_Verm_tcx,02.1.2
C_SECUR,13.9.0.9
C_TLAND_ALL,07.3.2
C_Oth_non_alcoh,01.2.2
C_BROAD_NEWS,08.3.9.1
C_Creah,01.1.4
C_Coffe_roas,01.2.2
C_Fat_cow,01.1.5
C_Frucr,01.1.8
C_CHAR,04.5.4
C_CHEM,05.6.1
C_Chocs,01.1.8.5
C_Coco_but,01.1.8.5
C_Coco_pow,01.1.8.5
C_Coff_ext,01.2.2
C_Coff_sub,01.2.2
C_Honel,01.1.8
C_Margd,01.1.5
C_Margt,01.1.5
C_Meat_buff,01.1.2
C_Meat_goat,01.1.2
C_Meat_shee,01.1.2
C_Oatsd,01.1.1.1
C_Offa_chick,01.1.2
C_Offa_turkey,01.1.2
C_Offae_cow,01.1.2
C_Offae_shee,01.1.2
C_Offas_buff,01.1.2
C_Offas_goat,01.1.2
C_Oil_olivres,01.1.5
C_Pork_ham,01.1.2
C_Pork_ons,01.1.2
C_Rice_mill,01.1.1
C_Sugarn,01.1.8
C_Tallw,01.1.5
M_electricity,04.5.1
M_heat_HOUS,04.5.5
C_wAlum,04.4
C_wCons,04.4
C_wDisc_eq,04.4
M_wFood,01.1
M_wHazar,04.4.2.0
C_wMix_nonferr,04.4
C_wPape,04.4
C_wPlas,04.4
M_wText,03.1.4.2
C_wUnsort,04.4
C_wWood,04.4
C_Casen,01.1.4.9
C_MOTO,07.1
C_sugar,01.1.8.9
C_wCopp,04.4
C_wGlas,04.4
C_wLead,04.4
C_wPrec,04.4
C_wSteel,04.4
C_wpAlumi,04.4
C_wpGlass,04.4
C_wpPaper,04.4
C_wpPlast,04.4
C_wpSteel,04.4
M_BROAD_NEWS|M_PIC_VID_TV,08.3.9
A_ACCOM,11.2.0
C_Nat_Elec,04.5.1
A_Nat_Elec,04.5.1
C_DOIL,07.1.1
EF_DOIL,07.1.1
EF_MGSL,07.1.1
C_GASE,07.2.2
EF_GASE,07.2.2
A_Beef_boneless,01.1.2.2
A_TLAND_ALL,07.1.1
A_TAIR,07.3.3
M_fuel_TAIR,07.3.3 
M_fuel_TLND,07.3.2
M_Meat_beef,01.1.2
EF_KJET,07.3.2
A_pCatmeat,01.1.2.2
C_ELMA,04
M_OT_PROF_SCI|M_VET,09.4.5.0
A_POWN,04
F_HOUS,04
A_POWC,04
A_POWG,04
A_POWP,04
A_Cowmilk,01.1.4.1.1
A_POWB,04
A_Sugar,01.1.8
A_Pasta,01.1.1.5
A_Prmilk_cow,01.1.4
A_Beer,02.1.3
A_POWO,04
A_POWW,04
A_Oilsoy,01.1.5.1
A_POWZ,04
A_POWH,04
A_CHP,04
A_pPigmeat,01.1.2.1
A_Oilrape,01.1.5.1
A_Maizea_starch,01.1.1.1
A_Maize_flour,01.1.1.2.6
A_Oiloliv,01.1.5.1
A_POWS,04
A_pChicken_meat,01.1.2.1
A_FORE_comb,04
A_Whflour,01.1.1.2.1
A_HCHEM,04
A_pDuck_meat,01.1.2.1
A_Malt,01.1.1.9
A_Cocader,01.1.8.5
A_Sugas,01.1.8
A_pTurkey_meat,01.1.2.1
A_Mixed_flour,01.1.1.2
A_Poleggs,01.1.4.8
A_POWM,04
A_Roscoff,01.2.2.0
A_Seedcot,05.2.1.9
A_meat_rubbit,01.1.2.1
A_Oilpalm,01.1.5.1
A_Vegfats,01.1.5.2
A_Pork_proc,01.1.2.4
A_BUILD,04
A_Potato_starch,01.1.7.5
A_Barley_flour,01.1.1.2.4
A_BUILD_LAND_serv,04
A_OFFICE_ADM,04
A_Pulses_flour,01.1.7
A_Sorghum_flour,01.1.1.2.3
A_MANA,13
A_Fruits_flour,01.1.6.9
A_Rye_flour,01.1.1.2
A_CIV_ENG,04
A_Rice_starch,01.1.1.1
A_WOOL,05.2.1
A_Hempd,01.1.9.4
A_MIN_SUPP,13
A_DV_RECY,04
A_Rice_flour,01.1.1.2
A_Frozvege,01.1.7
A_MGWG,04
A_OT_PROF_SCI,13
A_Oats_roll,01.1.1.1
A_meat_game,01.1.2
A_meat_goose,01.1.2
A_meat_horse,01.1.2.1
A_Tap_Potatoes,01.1.7.9
A_Mustard_flour,01.1.9.3
A_Potato_flour,01.1.7.5
A_INFO,13
A_REMS,13
A_liver_prep,01.1.2.1
A_Millet_flour,01.1.1.2.5
A_PIC_VID_TV,13
A_Frozfrui,01.1.6.6
A_Tap_Cassava,01.1.7.9
A_Cassava_starch,01.1.7.5
A_TE_INCI,05.2.1
A_Cassava_flour,01.1.7.5
A_Buckw_flour,01.1.1.2
A_PA_OTHE,04
A_meat_mule,01.1.2.1
A_meat_asses,01.1.2.1
A_Prmilk_buff,01.1.4.1
A_Othdiar_buffaloes,01.1.5.2
A_Prmilk_sheep,01.1.4.1
A_Fonio_flour,01.1.1.2
M_fuel_Passenger,07.2.2
M_Whey_con,01.1.4.9
M_Oil_soyb,01.1.5.1.4
M_Offas_hors,01.1.2.4
M_Offae_pigs,01.1.2.4
M_Copra,01.1.6.7
M_COTA,04.5.3.0
C_Icee,01.1.8.6
A_oFru_cit,01.1.6.2
A_TE_RECY,05.2.2.0
A_BUILD|A_CIV_ENG,04
A_ACCOM|A_RESTAU,11
A_REAL_OTHER|A_REAL_OWNER,13.9.0
A_HEAL|A_RES_CARE|A_SOWO,13.3.0
A_FAUX|A_FINS|A_FINT,12.2.9 
A_Root_nes_flour,01.1.7.9
F_GOVE,15
M_Icee,01.1.8
